/*
SQLyog v10.2 
MySQL - 5.7.18-log : Database - sys_shiro
*********************************************************************
*/

/*!40101 SET NAMES utf8 */;

/*!40101 SET SQL_MODE=''*/;

/*!40014 SET @OLD_UNIQUE_CHECKS=@@UNIQUE_CHECKS, UNIQUE_CHECKS=0 */;
/*!40014 SET @OLD_FOREIGN_KEY_CHECKS=@@FOREIGN_KEY_CHECKS, FOREIGN_KEY_CHECKS=0 */;
/*!40101 SET @OLD_SQL_MODE=@@SQL_MODE, SQL_MODE='NO_AUTO_VALUE_ON_ZERO' */;
/*!40111 SET @OLD_SQL_NOTES=@@SQL_NOTES, SQL_NOTES=0 */;
CREATE DATABASE /*!32312 IF NOT EXISTS*/`sys_shiro` /*!40100 DEFAULT CHARACTER SET utf8 */;

USE `sys_shiro`;

/*Table structure for table `resources` */

DROP TABLE IF EXISTS `resources`;

CREATE TABLE `resources` (
  `id` int(11) NOT NULL AUTO_INCREMENT,
  `name` varchar(255) DEFAULT NULL COMMENT '资源名称',
  `resUrl` varchar(255) DEFAULT NULL COMMENT '资源url',
  `type` int(11) DEFAULT NULL COMMENT '资源类型   1:菜单    2：按钮',
  `parentId` int(11) DEFAULT NULL COMMENT '父资源',
  `sort` int(11) DEFAULT NULL COMMENT '排序',
  PRIMARY KEY (`id`)
) ENGINE=InnoDB AUTO_INCREMENT=15 DEFAULT CHARSET=utf8;

/*Data for the table `resources` */

insert  into `resources`(`id`,`name`,`resUrl`,`type`,`parentId`,`sort`) values (1,'系统设置','/system',0,0,1),(2,'用户管理','/usersPage',1,1,2),(3,'角色管理','/rolesPage',1,1,3),(4,'资源管理','/resourcesPage',1,1,4),(5,'添加用户','/user/add',2,2,5),(6,'删除用户','/user/delete',2,2,6),(7,'添加角色','/role/add',2,3,7),(8,'删除角色','/role/delete',2,3,8),(9,'添加资源','/resources/add',2,4,9),(10,'删除资源','/resources/delete',2,4,10),(11,'分配角色','/user/saveUserRoles',2,2,11),(13,'分配权限','/role/saveRoleResources',2,3,12);

/*Table structure for table `role` */

DROP TABLE IF EXISTS `role`;

CREATE TABLE `role` (
  `id` int(11) NOT NULL AUTO_INCREMENT,
  `roleDesc` varchar(255) DEFAULT NULL,
  PRIMARY KEY (`id`)
) ENGINE=InnoDB AUTO_INCREMENT=5 DEFAULT CHARSET=utf8;

/*Data for the table `role` */

insert  into `role`(`id`,`roleDesc`) values (1,'管理员'),(2,'普通用户'),(3,'超级管理员');

/*Table structure for table `role_resources` */

DROP TABLE IF EXISTS `role_resources`;

CREATE TABLE `role_resources` (
  `roleId` int(11) NOT NULL,
  `resourcesId` int(11) NOT NULL,
  PRIMARY KEY (`roleId`,`resourcesId`)
) ENGINE=InnoDB DEFAULT CHARSET=utf8;

/*Data for the table `role_resources` */

insert  into `role_resources`(`roleId`,`resourcesId`) values (1,1),(1,2),(1,3),(1,4),(1,5),(1,6),(1,7),(1,8),(1,9),(1,10),(1,11),(1,13),(2,2),(2,3),(2,4),(2,9),(3,2),(3,3),(3,4),(3,13),(3,14),(9,9);

/*Table structure for table `user` */

DROP TABLE IF EXISTS `user`;

CREATE TABLE `user` (
  `id` int(11) NOT NULL AUTO_INCREMENT,
  `username` varchar(33) DEFAULT NULL,
  `password` varchar(33) DEFAULT NULL,
  `enable` int(10) DEFAULT '1' COMMENT '是否启用',
  PRIMARY KEY (`id`)
) ENGINE=InnoDB AUTO_INCREMENT=24 DEFAULT CHARSET=utf8;

/*Data for the table `user` */

insert  into `user`(`id`,`username`,`password`,`enable`) values (1,'admin','3ef7164d1f6167cb9f2658c07d3c2f0a',1),(3,'user2','2f464727da8d00597b5d028c5c7244ef',1),(23,'111','a6d1ea6592029a96454cf28d6512020d',1);

/*Table structure for table `user_role` */

DROP TABLE IF EXISTS `user_role`;

CREATE TABLE `user_role` (
  `userId` int(11) DEFAULT NULL,
  `roleId` int(11) DEFAULT NULL
) ENGINE=InnoDB DEFAULT CHARSET=utf8;

/*Data for the table `user_role` */

insert  into `user_role`(`userId`,`roleId`) values (3,2),(1,1),(23,3);

/* Procedure structure for procedure `init_shiro_demo` */

/*!50003 DROP PROCEDURE IF EXISTS  `init_shiro_demo` */;

DELIMITER $$

/*!50003 CREATE DEFINER=`root`@`%` PROCEDURE `init_shiro_demo`()
BEGIN	
/*
SQLyog 企业版 - MySQL GUI v7.14 
MySQL - 5.6.16-log : Database - 
*********************************************************************
*/
/*表结构插入*/
DROP TABLE IF EXISTS `u_permission`;
CREATE TABLE `u_permission` (
  `id` bigint(20) NOT NULL AUTO_INCREMENT,
  `url` varchar(256) DEFAULT NULL COMMENT 'url地址',
  `name` varchar(64) DEFAULT NULL COMMENT 'url描述',
  PRIMARY KEY (`id`)
) ENGINE=InnoDB AUTO_INCREMENT=21 DEFAULT CHARSET=utf8;
/*Table structure for table `u_role` */
DROP TABLE IF EXISTS `u_role`;
CREATE TABLE `u_role` (
  `id` bigint(20) NOT NULL AUTO_INCREMENT,
  `name` varchar(32) DEFAULT NULL COMMENT '角色名称',
  `type` varchar(10) DEFAULT NULL COMMENT '角色类型',
  PRIMARY KEY (`id`)
) ENGINE=InnoDB AUTO_INCREMENT=5 DEFAULT CHARSET=utf8;
/*Table structure for table `u_role_permission` */
DROP TABLE IF EXISTS `u_role_permission`;
CREATE TABLE `u_role_permission` (
  `rid` bigint(20) DEFAULT NULL COMMENT '角色ID',
  `pid` bigint(20) DEFAULT NULL COMMENT '权限ID'
) ENGINE=InnoDB DEFAULT CHARSET=utf8;
/*Table structure for table `u_user` */
DROP TABLE IF EXISTS `u_user`;
CREATE TABLE `u_user` (
  `id` bigint(20) NOT NULL AUTO_INCREMENT,
  `nickname` varchar(20) DEFAULT NULL COMMENT '用户昵称',
  `email` varchar(128) DEFAULT NULL COMMENT '邮箱|登录帐号',
  `pswd` varchar(32) DEFAULT NULL COMMENT '密码',
  `create_time` datetime DEFAULT NULL COMMENT '创建时间',
  `last_login_time` datetime DEFAULT NULL COMMENT '最后登录时间',
  `status` bigint(1) DEFAULT '1' COMMENT '1:有效，0:禁止登录',
  PRIMARY KEY (`id`)
) ENGINE=InnoDB AUTO_INCREMENT=15 DEFAULT CHARSET=utf8;
/*Table structure for table `u_user_role` */
DROP TABLE IF EXISTS `u_user_role`;
CREATE TABLE `u_user_role` (
  `uid` bigint(20) DEFAULT NULL COMMENT '用户ID',
  `rid` bigint(20) DEFAULT NULL COMMENT '角色ID'
) ENGINE=InnoDB DEFAULT CHARSET=utf8;
/*
SQLyog 企业版 - MySQL GUI v7.14 
MySQL - 5.6.16-log : Database - i_wenyiba_com
*********************************************************************
*/
/*所有的表数据插入*/
/*Data for the table `u_permission` */
insert  into `u_permission`(`id`,`url`,`name`) values (4,'/permission/index.shtml','权限列表'),(6,'/permission/addPermission.shtml','权限添加'),(7,'/permission/deletePermissionById.shtml','权限删除'),(8,'/member/list.shtml','用户列表'),(9,'/member/online.shtml','在线用户'),(10,'/member/changeSessionStatus.shtml','用户Session踢出'),(11,'/member/forbidUserById.shtml','用户激活&禁止'),(12,'/member/deleteUserById.shtml','用户删除'),(13,'/permission/addPermission2Role.shtml','权限分配'),(14,'/role/clearRoleByUserIds.shtml','用户角色分配清空'),(15,'/role/addRole2User.shtml','角色分配保存'),(16,'/role/deleteRoleById.shtml','角色列表删除'),(17,'/role/addRole.shtml','角色列表添加'),(18,'/role/index.shtml','角色列表'),(19,'/permission/allocation.shtml','权限分配'),(20,'/role/allocation.shtml','角色分配');
/*Data for the table `u_role` */
insert  into `u_role`(`id`,`name`,`type`) values (1,'系统管理员','888888'),(3,'权限角色','100003'),(4,'用户中心','100002');
/*Data for the table `u_role_permission` */
insert  into `u_role_permission`(`rid`,`pid`) values (4,8),(4,9),(4,10),(4,11),(4,12),(3,4),(3,6),(3,7),(3,13),(3,14),(3,15),(3,16),(3,17),(3,18),(3,19),(3,20),(1,4),(1,6),(1,7),(1,8),(1,9),(1,10),(1,11),(1,12),(1,13),(1,14),(1,15),(1,16),(1,17),(1,18),(1,19),(1,20);
/*Data for the table `u_user` */
insert  into `u_user`(`id`,`nickname`,`email`,`pswd`,`create_time`,`last_login_time`,`status`) values (1,'管理员','admin','9c3250081c7b1f5c6cbb8096e3e1cd04','2016-06-16 11:15:33','2016-06-16 11:24:10',1),(11,'soso','8446666@qq.com','d57ffbe486910dd5b26d0167d034f9ad','2016-05-26 20:50:54','2016-06-16 11:24:35',1),(12,'8446666','8446666','4afdc875a67a55528c224ce088be2ab8','2016-05-27 22:34:19','2016-06-15 17:03:16',1);
/*Data for the table `u_user_role` */
insert  into `u_user_role`(`uid`,`rid`) values (12,4),(11,3),(11,4),(1,1);
   
    END */$$
DELIMITER ;

/*!40101 SET SQL_MODE=@OLD_SQL_MODE */;
/*!40014 SET FOREIGN_KEY_CHECKS=@OLD_FOREIGN_KEY_CHECKS */;
/*!40014 SET UNIQUE_CHECKS=@OLD_UNIQUE_CHECKS */;
/*!40111 SET SQL_NOTES=@OLD_SQL_NOTES */;
